Complexity,Loss,Equation
1,0.5646327,"g = 1.3512313; beta = [-0.069761574, 19.750546]"
