Complexity,Loss,Equation
2,0.56206304,"g = 0.09550272; h = 0.009391328; beta = [0.6114969, 0.533309, -0.46870154]"
