Complexity,Loss,Equation
1,0.40253028,"g = -0.059987392; beta = [0.058485035, 0.73535514]"
