Complexity,Loss,Equation
1,0.40253028,"g = 1.0805398; beta = [0.1169903, 1.8837855]"
