Complexity,Loss,Equation
2,0.47991285,"g = 0.2882698; h = 0.7454299; beta = [0.14733736, 1.0439693, 0.24485065]"
